{"access_token": "ya29.GlsLB9P7XoZA30Q416_4E94Sgu-E4AhXLUPm0dimagJHsBLGv4dn2MNeTSrNn4lD1ITlIP-JYKd7QY_iAMV-mhLYyOkLBygFoWwUO9cxDn530buiuiHTXnHgJ0-X", "client_id": "48491194592-koj0m7dh5o385hk9aqks8mlgn5uhsm4s.apps.googleusercontent.com", "client_secret": "1x2m-3Ojl4tQ5cZLs-pPctfE", "refresh_token": "1/IQJdBeE9POBGR3AKG4y4pV6mN6DlgflWBuw7iYcvNNg", "token_expiry": "2019-05-16T11:06:45Z", "token_uri": "https://oauth2.googleapis.com/token", "user_agent": null, "revoke_uri": "https://oauth2.googleapis.com/revoke", "id_token": null, "id_token_jwt": null, "token_response": {"access_token": "ya29.GlsLB9P7XoZA30Q416_4E94Sgu-E4AhXLUPm0dimagJHsBLGv4dn2MNeTSrNn4lD1ITlIP-JYKd7QY_iAMV-mhLYyOkLBygFoWwUO9cxDn530buiuiHTXnHgJ0-X", "expires_in": 3600, "scope": "https://www.googleapis.com/auth/calendar", "token_type": "Bearer"}, "scopes": ["https://www.googleapis.com/auth/calendar"], "token_info_uri": "https://oauth2.googleapis.com/tokeninfo", "invalid": false, "_class": "OAuth2Credentials", "_module": "oauth2client.client"}